{
    "pandas": {
        "20": [
            0.018403053283691406,
            0.013432025909423828,
            0.013200044631958008,
            0.01310110092163086,
            0.012994050979614258,
            0.012617349624633789,
            0.01382303237915039,
            0.013577938079833984,
            0.012896060943603516,
            0.012505292892456055,
            0.012690067291259766,
            0.012574911117553711,
            0.01260685920715332,
            0.013240814208984375,
            0.01324009895324707,
            0.013067007064819336,
            0.013020992279052734,
            0.012762069702148438,
            0.01240992546081543,
            0.012691259384155273,
            0.013715982437133789,
            0.012708902359008789,
            0.012651920318603516,
            0.01280522346496582,
            0.01282501220703125,
            0.013010025024414062,
            0.01314401626586914,
            0.013622760772705078,
            0.012779951095581055,
            0.012724876403808594,
            0.012938976287841797,
            0.013580083847045898,
            0.013654947280883789,
            0.012711286544799805,
            0.014256000518798828,
            0.013702154159545898,
            0.013153791427612305,
            0.013319253921508789,
            0.013203859329223633,
            0.012769937515258789,
            0.012677907943725586,
            0.013761758804321289,
            0.012932777404785156,
            0.012480020523071289,
            0.012590169906616211,
            0.012454748153686523,
            0.012785196304321289,
            0.012670040130615234,
            0.013180017471313477,
            0.012437105178833008
        ],
        "100": [
            0.01646113395690918,
            0.014897823333740234,
            0.014922142028808594,
            0.014694929122924805,
            0.014509916305541992,
            0.014756202697753906,
            0.015102863311767578,
            0.014821052551269531,
            0.014740943908691406,
            0.013948202133178711,
            0.014309167861938477,
            0.014113903045654297,
            0.016124963760375977,
            0.016858816146850586,
            0.014889955520629883,
            0.014584064483642578,
            0.014681100845336914,
            0.014473915100097656,
            0.015533924102783203,
            0.015123844146728516,
            0.014607667922973633,
            0.014728069305419922,
            0.014793872833251953,
            0.01436471939086914,
            0.014962911605834961,
            0.014906167984008789,
            0.014580249786376953,
            0.014737844467163086,
            0.015142202377319336,
            0.015178918838500977,
            0.015351057052612305,
            0.014466047286987305,
            0.014700889587402344,
            0.015054702758789062,
            0.014452934265136719,
            0.014459848403930664,
            0.015040874481201172,
            0.014790773391723633,
            0.014318704605102539,
            0.014286279678344727,
            0.01491093635559082,
            0.014268875122070312,
            0.014909982681274414,
            0.014650821685791016,
            0.014745950698852539,
            0.014801263809204102,
            0.01430511474609375,
            0.014475107192993164,
            0.01524209976196289,
            0.014559030532836914
        ],
        "1000": [
            0.0350956916809082,
            0.03422689437866211,
            0.03359413146972656,
            0.03344273567199707,
            0.03378462791442871,
            0.03397393226623535,
            0.03360176086425781,
            0.032913923263549805,
            0.032464027404785156,
            0.034008026123046875,
            0.03287100791931152,
            0.032912254333496094,
            0.033544301986694336,
            0.03259897232055664,
            0.033744096755981445,
            0.033030033111572266,
            0.03271794319152832,
            0.03260183334350586,
            0.034384965896606445,
            0.0337831974029541,
            0.032617807388305664,
            0.034001827239990234,
            0.033151865005493164,
            0.033006906509399414,
            0.03359699249267578,
            0.033720970153808594,
            0.03296709060668945,
            0.033371925354003906,
            0.03251194953918457,
            0.03264498710632324,
            0.03377699851989746,
            0.03345322608947754,
            0.0327458381652832,
            0.035340070724487305,
            0.03416109085083008,
            0.033792972564697266,
            0.03403806686401367,
            0.032649993896484375,
            0.032881736755371094,
            0.033170223236083984,
            0.034062862396240234,
            0.033143043518066406,
            0.0337369441986084,
            0.03277993202209473,
            0.03243231773376465,
            0.033106088638305664,
            0.032981157302856445,
            0.03422880172729492,
            0.03346371650695801,
            0.03304600715637207
        ],
        "10000": [
            0.23197627067565918,
            0.21855688095092773,
            0.22394609451293945,
            0.22109532356262207,
            0.22827386856079102,
            0.22455811500549316,
            0.2230830192565918,
            0.2217268943786621,
            0.22592377662658691,
            0.22791504859924316,
            0.21851682662963867,
            0.21869802474975586,
            0.21746301651000977,
            0.21952366828918457,
            0.23603391647338867,
            0.22232604026794434,
            0.21981072425842285,
            0.22425293922424316,
            0.22417426109313965,
            0.23563194274902344,
            0.22366094589233398,
            0.21901726722717285,
            0.22333908081054688,
            0.22170782089233398,
            0.2313380241394043,
            0.22452092170715332,
            0.220306396484375,
            0.22131609916687012,
            0.22025108337402344,
            0.23163795471191406,
            0.22518301010131836,
            0.2289130687713623,
            0.22506189346313477,
            0.22116780281066895,
            0.23695111274719238,
            0.22613072395324707,
            0.22379612922668457,
            0.22205495834350586,
            0.22361493110656738,
            0.2384171485900879,
            0.22128677368164062,
            0.22239899635314941,
            0.2260746955871582,
            0.22766375541687012,
            0.23534202575683594,
            0.22825098037719727,
            0.2207639217376709,
            0.2249300479888916,
            0.22179222106933594,
            0.24165105819702148
        ],