{
    "pandas": {
        "20": [
            0.024327754974365234,
            0.015932083129882812,
            0.015758752822875977,
            0.015578031539916992,
            0.015463829040527344,
            0.017197132110595703,
            0.015446901321411133,
            0.015137195587158203,
            0.015034914016723633,
            0.01510000228881836,
            0.014837026596069336,
            0.01616811752319336,
            0.015604972839355469,
            0.014972925186157227,
            0.015335321426391602,
            0.015163898468017578,
            0.015062808990478516,
            0.01663374900817871,
            0.015211820602416992,
            0.01571512222290039,
            0.016652822494506836,
            0.015812158584594727,
            0.015913009643554688,
            0.01646280288696289,
            0.015314102172851562,
            0.016611814498901367,
            0.015582084655761719,
            0.01506185531616211,
            0.015304803848266602,
            0.016218900680541992,
            0.015344858169555664,
            0.015666961669921875,
            0.015522003173828125,
            0.015620946884155273,
            0.015556097030639648,
            0.01628279685974121,
            0.015580177307128906,
            0.015079259872436523,
            0.014963388442993164,
            0.014914751052856445,
            0.014822959899902344,
            0.016053199768066406,
            0.015091896057128906,
            0.014877796173095703,
            0.015002012252807617,
            0.014973878860473633,
            0.015757083892822266,
            0.01620006561279297,
            0.015507936477661133,
            0.015321016311645508
        ],
        "100": [
            0.01918816566467285,
            0.018014907836914062,
            0.01732802391052246,
            0.017593860626220703,
            0.017992019653320312,
            0.025699853897094727,
            0.018060922622680664,
            0.017168045043945312,
            0.016920089721679688,
            0.01771712303161621,
            0.018594026565551758,
            0.017426013946533203,
            0.01722407341003418,
            0.016937971115112305,
            0.017271757125854492,
            0.0178377628326416,
            0.017659902572631836,
            0.017874956130981445,
            0.018002986907958984,
            0.016910791397094727,
            0.01757073402404785,
            0.01734471321105957,
            0.01689004898071289,
            0.017566204071044922,
            0.017579078674316406,
            0.017709016799926758,
            0.017131805419921875,
            0.016849040985107422,
            0.017184019088745117,
            0.01689600944519043,
            0.018473386764526367,
            0.016856908798217773,
            0.017198801040649414,
            0.0171661376953125,
            0.0173189640045166,
            0.018101930618286133,
            0.017704010009765625,
            0.01764082908630371,
            0.017218828201293945,
            0.017605304718017578,
            0.01768183708190918,
            0.016977787017822266,
            0.01693892478942871,
            0.017607927322387695,
            0.01660919189453125,
            0.01817488670349121,
            0.017555952072143555,
            0.017547130584716797,
            0.017342805862426758,
            0.016967058181762695
        ],
        "1000": [
            0.03952622413635254,
            0.03969407081604004,
            0.03917503356933594,
            0.03991889953613281,
            0.03844189643859863,
            0.03797292709350586,
            0.03908491134643555,
            0.038121938705444336,
            0.03815793991088867,
            0.03942584991455078,
            0.039344072341918945,
            0.038632869720458984,
            0.0399928092956543,
            0.0392451286315918,
            0.03929495811462402,
            0.03990674018859863,
            0.03852272033691406,
            0.03883719444274902,
            0.03914213180541992,
            0.038761138916015625,
            0.03806114196777344,
            0.03952908515930176,
            0.03963112831115723,
            0.03925204277038574,
            0.03923463821411133,
            0.03845930099487305,
            0.038969993591308594,
            0.03915905952453613,
            0.03849911689758301,
            0.03952789306640625,
            0.0408167839050293,
            0.03835701942443848,
            0.038474082946777344,
            0.03977537155151367,
            0.03888893127441406,
            0.038413047790527344,
            0.03997182846069336,
            0.03898191452026367,
            0.038162946701049805,
            0.04009819030761719,
            0.04050922393798828,
            0.04072904586791992,
            0.0408940315246582,
            0.04055500030517578,
            0.0416719913482666,
            0.042257070541381836,
            0.04163312911987305,
            0.04188179969787598,
            0.042961835861206055,
            0.041387081146240234
        ],
        "10000": [
            0.2616770267486572,
            0.2668890953063965,
            0.25518202781677246,
            0.2690601348876953,
            0.2548079490661621,
            0.2524871826171875,
            0.25786709785461426,
            0.28090906143188477,
            0.28220534324645996,
            0.2594609260559082,
            0.27216005325317383,
            0.27214598655700684,
            0.2584388256072998,
            0.2578861713409424,
            0.25992679595947266,
            0.2598590850830078,
            0.27425670623779297,
            0.25400400161743164,
            0.25586390495300293,
            0.2758653163909912,
            0.25366687774658203,
            0.25705385208129883,
            0.2607848644256592,
            0.2550232410430908,
            0.2760641574859619,
            0.27216315269470215,
            0.26453089714050293,
            0.2636549472808838,
            0.27066612243652344,
            0.26337313652038574,
            0.261167049407959,
            0.26607227325439453,
            0.2583329677581787,
            0.27937817573547363,
            0.2764017581939697,
            0.28916287422180176,
            0.2701089382171631,
            0.28563404083251953,
            0.2804989814758301,
            0.2658097743988037,
            0.2666020393371582,
            0.2651641368865967,
            0.2801401615142822,
            0.27345800399780273,
            0.26613616943359375,
            0.2655799388885498,
            0.27381014823913574,
            0.259289026260376,
            0.2595658302307129,
            0.2779848575592041
        ],