{
    "pandas": {
        "20": [
            0.030179738998413086,
            0.018133878707885742,
            0.01805281639099121,
            0.017883777618408203,
            0.018154144287109375,
            0.017225265502929688,
            0.01807117462158203,
            0.017421722412109375,
            0.01745891571044922,
            0.018368959426879883,
            0.017894983291625977,
            0.017956018447875977,
            0.0179750919342041,
            0.017807960510253906,
            0.018024206161499023,
            0.01795792579650879,
            0.017210006713867188,
            0.01693105697631836,
            0.017059803009033203,
            0.017747879028320312,
            0.016950130462646484,
            0.01725292205810547,
            0.01708698272705078,
            0.017188072204589844,
            0.018427133560180664,
            0.01868581771850586,
            0.017477989196777344,
            0.018172740936279297,
            0.017053842544555664,
            0.017780065536499023,
            0.017103910446166992,
            0.017740964889526367,
            0.01760721206665039,
            0.01684284210205078,
            0.01763606071472168,
            0.017017841339111328,
            0.017334938049316406,
            0.01770305633544922,
            0.017702341079711914,
            0.018162965774536133,
            0.017181873321533203,
            0.017255306243896484,
            0.017857789993286133,
            0.01794719696044922,
            0.018246173858642578,
            0.017840862274169922,
            0.01771688461303711,
            0.018079042434692383,
            0.017539024353027344,
            0.018053293228149414
        ],
        "100": [
            0.02209782600402832,
            0.02048325538635254,
            0.020439863204956055,
            0.020356178283691406,
            0.020915985107421875,
            0.022181034088134766,
            0.021247148513793945,
            0.02170705795288086,
            0.021560192108154297,
            0.021181106567382812,
            0.021310806274414062,
            0.020711898803710938,
            0.02083301544189453,
            0.020659923553466797,
            0.02047419548034668,
            0.020695209503173828,
            0.020884990692138672,
            0.021578073501586914,
            0.021317005157470703,
            0.02045583724975586,
            0.021588802337646484,
            0.02161407470703125,
            0.021637916564941406,
            0.021615028381347656,
            0.020991802215576172,
            0.02116107940673828,
            0.02036309242248535,
            0.020853042602539062,
            0.020383119583129883,
            0.02055501937866211,
            0.021027803421020508,
            0.020689964294433594,
            0.020778894424438477,
            0.02070903778076172,
            0.021180152893066406,
            0.0210878849029541,
            0.020261049270629883,
            0.020563840866088867,
            0.021039247512817383,
            0.020401716232299805,
            0.021228790283203125,
            0.020600080490112305,
            0.020722150802612305,
            0.02046990394592285,
            0.020772218704223633,
            0.02138686180114746,
            0.0211331844329834,
            0.021846771240234375,
            0.021239042282104492,
            0.02068185806274414
        ],
        "1000": [
            0.05468916893005371,
            0.051698923110961914,
            0.05358481407165527,
            0.05273294448852539,
            0.0534207820892334,
            0.05168294906616211,
            0.053047895431518555,
            0.05173492431640625,
            0.05391573905944824,
            0.05203890800476074,
            0.05248308181762695,
            0.05255603790283203,
            0.05448412895202637,
            0.053241729736328125,
            0.05305600166320801,
            0.053375959396362305,
            0.053072214126586914,
            0.05246591567993164,
            0.05274009704589844,
            0.05336713790893555,
            0.05255699157714844,
            0.05159306526184082,
            0.05301499366760254,
            0.05177021026611328,
            0.05321788787841797,
            0.05380511283874512,
            0.05380892753601074,
            0.0535891056060791,
            0.05352973937988281,
            0.05221295356750488,
            0.053557395935058594,
            0.052109718322753906,
            0.05268287658691406,
            0.05213522911071777,
            0.05383586883544922,
            0.052123069763183594,
            0.05281686782836914,
            0.0533289909362793,
            0.054270029067993164,
            0.0517120361328125,
            0.0527188777923584,
            0.05223488807678223,
            0.05279803276062012,
            0.05286407470703125,
            0.05313587188720703,
            0.053056955337524414,
            0.05271601676940918,
            0.05390596389770508,
            0.05353403091430664,
            0.0526881217956543
        ],
        "10000": [
            0.3905930519104004,
            0.382098913192749,
            0.38524413108825684,
            0.3835299015045166,
            0.41506481170654297,
            0.3867342472076416,
            0.3864152431488037,
            0.3902242183685303,
            0.3890972137451172,
            0.3921520709991455,
            0.40234875679016113,
            0.38520002365112305,
            0.3937571048736572,
            0.40300893783569336,
            0.3981940746307373,
            0.38980603218078613,
            0.3946077823638916,
            0.4029271602630615,
            0.3974740505218506,
            0.3902578353881836,
            0.3937959671020508,
            0.3998689651489258,
            0.4077920913696289,
            0.40732789039611816,
            0.40343189239501953,
            0.40388989448547363,
            0.3938717842102051,
            0.4022040367126465,
            0.40033793449401855,
            0.4074208736419678,
            0.40041112899780273,
            0.41830897331237793,
            0.3968648910522461,
            0.40802597999572754,
            0.4050331115722656,
            0.3990359306335449,
            0.4041867256164551,
            0.40807199478149414,
            0.4021608829498291,
            0.398082971572876,
            0.4019629955291748,
            0.4085218906402588,
            0.4021141529083252,
            0.3995697498321533,
            0.40107011795043945,
            0.40924596786499023,
            0.4038970470428467,
            0.40328407287597656,
            0.39966893196105957,
            0.418781042098999
        ],