{
    "pandas": {
        "20": [
            0.017123937606811523,
            0.014494895935058594,
            0.013036012649536133,
            0.013689994812011719,
            0.013473987579345703,
            0.013389110565185547,
            0.01375722885131836,
            0.014024972915649414,
            0.013528823852539062,
            0.012960195541381836,
            0.012928962707519531,
            0.013390779495239258,
            0.013499259948730469,
            0.013540983200073242,
            0.013904333114624023,
            0.013509750366210938,
            0.013604164123535156,
            0.012924909591674805,
            0.01345682144165039,
            0.012977123260498047,
            0.01318502426147461,
            0.012923002243041992,
            0.013226985931396484,
            0.012982845306396484,
            0.013316869735717773,
            0.013402223587036133,
            0.013566017150878906,
            0.013586997985839844,
            0.01308298110961914,
            0.013853311538696289,
            0.013853311538696289,
            0.013598203659057617,
            0.013160943984985352,
            0.013028144836425781,
            0.013251781463623047,
            0.013212203979492188,
            0.013000965118408203,
            0.013676881790161133,
            0.013730049133300781,
            0.013436079025268555,
            0.013618946075439453,
            0.013025045394897461,
            0.012759685516357422,
            0.01324319839477539,
            0.013187885284423828,
            0.013191938400268555,
            0.013196945190429688,
            0.013336896896362305,
            0.013484954833984375,
            0.013314962387084961
        ],
        "100": [
            0.016877174377441406,
            0.015836000442504883,
            0.015794038772583008,
            0.015765905380249023,
            0.01627802848815918,
            0.01723027229309082,
            0.016343116760253906,
            0.015509843826293945,
            0.015566110610961914,
            0.015320062637329102,
            0.015703916549682617,
            0.01634383201599121,
            0.01662898063659668,
            0.015311002731323242,
            0.016275882720947266,
            0.01506495475769043,
            0.01539301872253418,
            0.01569986343383789,
            0.01637887954711914,
            0.015519142150878906,
            0.016241073608398438,
            0.015729904174804688,
            0.015386104583740234,
            0.015510082244873047,
            0.01624917984008789,
            0.015455961227416992,
            0.015894651412963867,
            0.015280961990356445,
            0.015504121780395508,
            0.01550912857055664,
            0.01610398292541504,
            0.015460968017578125,
            0.01546025276184082,
            0.015522003173828125,
            0.015985965728759766,
            0.015945911407470703,
            0.016566038131713867,
            0.01626110076904297,
            0.015959978103637695,
            0.01617574691772461,
            0.015926122665405273,
            0.01583409309387207,
            0.015672683715820312,
            0.015752315521240234,
            0.016192913055419922,
            0.015487909317016602,
            0.015618085861206055,
            0.015370368957519531,
            0.015729904174804688,
            0.01628422737121582
        ],
        "1000": [
            0.04109001159667969,
            0.03945803642272949,
            0.03976321220397949,
            0.04004716873168945,
            0.03931403160095215,
            0.03911709785461426,
            0.0398101806640625,
            0.03969383239746094,
            0.04083395004272461,
            0.041239023208618164,
            0.03991389274597168,
            0.03897714614868164,
            0.04028511047363281,
            0.039795875549316406,
            0.03919482231140137,
            0.0405430793762207,
            0.04056215286254883,
            0.04029488563537598,
            0.04038381576538086,
            0.03988814353942871,
            0.039031982421875,
            0.040055036544799805,
            0.03926205635070801,
            0.0407559871673584,
            0.040387868881225586,
            0.04121088981628418,
            0.04079270362854004,
            0.04038810729980469,
            0.04154515266418457,
            0.04067516326904297,
            0.04053020477294922,
            0.03966712951660156,
            0.04024910926818848,
            0.03973889350891113,
            0.039604902267456055,
            0.038964033126831055,
            0.04063105583190918,
            0.04074811935424805,
            0.04030108451843262,
            0.03972792625427246,
            0.03988790512084961,
            0.039250850677490234,
            0.040199995040893555,
            0.03919506072998047,
            0.03951621055603027,
            0.040013790130615234,
            0.040032148361206055,
            0.04050183296203613,
            0.04009103775024414,
            0.04068398475646973
        ],
        "10000": [
            0.2890441417694092,
            0.2872200012207031,
            0.2937138080596924,
            0.28870677947998047,
            0.3064298629760742,
            0.290693998336792,
            0.2883450984954834,
            0.2943532466888428,
            0.2997868061065674,
            0.2940187454223633,
            0.29256606101989746,
            0.29634594917297363,
            0.29601383209228516,
            0.3004589080810547,
            0.29170680046081543,
            0.2913327217102051,
            0.30187177658081055,
            0.29097604751586914,
            0.2985689640045166,
            0.2940528392791748,
            0.292219877243042,
            0.3046250343322754,
            0.29804491996765137,
            0.31018710136413574,
            0.29918789863586426,
            0.3065028190612793,
            0.29308271408081055,
            0.2945830821990967,
            0.29897093772888184,
            0.30465102195739746,
            0.29619884490966797,
            0.2982919216156006,
            0.29245615005493164,
            0.3055381774902344,
            0.2945668697357178,
            0.29433703422546387,
            0.2936561107635498,
            0.2972726821899414,
            0.3114750385284424,
            0.2953019142150879,
            0.2950448989868164,
            0.2968907356262207,
            0.29149293899536133,
            0.301710844039917,
            0.293917179107666,
            0.29600000381469727,
            0.29956793785095215,
            0.3093700408935547,
            0.3009829521179199,
            0.2995779514312744
        ],